Kitchen,STRUCTURE, PLYWOOD,MDf,HDF,Particle Board,Laminate Matte,Laminate Hi Gloss,Veneer,Acrylic,Polymer,Handle,Drawers
Wall Module,H/W,Wood,Wood,Wood,Wood,Finishes,Finishes,Finishes,Finishes,Finishes,150,
W1S - Wall Module With 1 Shutter,W1S_600_300,,,,,,,,,,,
,W1S_600_400,,,,,,,,,,,
,W1S_600_450,,,,,,,,,,,
,W1S_600_500,,,,,,,,,,,
,W1S_600_600,,,,,,,,,,,
W2S - Wall Module With 2 Shutter,W2S_600_700,,,,,,,,,,,
,W2S_600_750,,,,,,,,,,,
,W2S_600_800,,,,,,,,,,,
,W2S_600_900,,,,,,,,,,,
W1S - Wall Module With 1 Shutter,W1S_700_300,,,,,,,,,,,
,W1S_700_400,,,,,,,,,,,
,W1S_700_450,,,,,,,,,,,
,W1S_700_500,,,,,,,,,,,
,W1S_700_600,,,,,,,,,,,
W2S - Wall Module With 2 Shutter,W2S_700_700,,,,,,,,,,,
,W2S_700_750,,,,,,,,,,,
,W2S_700_800,,,,,,,,,,,
,W2S_700_900,,,,,,,,,,,
W1S - Wall Module With 1 Shutter,W1S_900_600,,,,,,,,,,,
,W1S_900_400,,,,,,,,,,,
,W1S_900_450,,,,,,,,,,,
,W1S_900_500,,,,,,,,,,,
,W1S_900_600,,,,,,,,,,,
W2S - Wall Module With 2 Shutter,W2S_900_700,,,,,,,,,,,
,W2S_900_750,,,,,,,,,,,
,W2S_900_800,,,,,,,,,,,
,W2S_900_900,,,,,,,,,,,
Corner & Tambour Module,H/W,,,,,,,,,,,
"WLC2S - Wall ""L"" Corner Modules With 2 Shutters",WLC2S_600_1051,,,,,,,,,,,
,WLC2S_700_1052,,,,,,,,,,,
,WLC2S_900_1053,,,,,,,,,,,
Corner & Tambour Module,H/W,,,,,,,,,,,
WPC1S - Wall Pentagonal Corner Module With 1 Shutter,WPC1S_600_650,,,,,,,,,,,
,WPC1S_700_650,,,,,,,,,,,
,WPC1S_900_650,,,,,,,,,,,
Corner & Tambour Module,H/W,,,,,,,,,,,
WPC1S - Wall Tambour Module,WTB_1200_600,,,,,,,,,,,
,WTB_1300_600,,,,,,,,,,,
Corner & Tambour Module,H/W,,,,,,,,,,,
WAQ1S - Wall Aquaguard Moduls With 1 Shutter,WAQ1S_600_450,,,,,,,,,,,
,WAQ1S_600_600,,,,,,,,,,,
WAQ2S - Wall Aquaguard Moduls With 2 Shutter,WAQ2S_600_900,,,,,,,,,,,
WAQ1S - Wall Aquaguard Moduls With 1 Shutter,WAQ1S_700_450,,,,,,,,,,,
,WAQ1S_700_600,,,,,,,,,,,
WAQ2S - Wall Aquaguard Moduls With 2 Shutter,WAQ2S_700_900,,,,,,,,,,,
Corner & Tambour Module,H/W,,,,,,,,,,,
MW - Wall Microwave Module,MW_750_600,,,,,,,,,,,
,MW_850_600,,,,,,,,,,,
